list_date,market,industry,代號,名稱
1962-02-09,上市,水泥工業,1101,台泥
1962-06-08,上市,水泥工業,1102,亞泥
1969-11-14,上市,水泥工業,1103,嘉泥
1971-02-01,上市,水泥工業,1104,環泥
1990-06-06,上市,水泥工業,1108,幸福
1991-12-05,上市,水泥工業,1109,信大
1994-10-22,上市,水泥工業,1110,東泥
1962-02-09,上市,食品工業,1201,味全
1964-08-24,上市,食品工業,1203,味王
1978-05-20,上市,食品工業,1210,大成
1981-04-10,上市,食品工業,1213,大飲
1987-07-27,上市,食品工業,1215,卜蜂
1987-12-28,上市,食品工業,1216,統一
1989-10-28,上市,食品工業,1217,愛之味
1989-11-11,上市,食品工業,1218,泰山
1990-12-01,上市,食品工業,1219,福壽
1991-11-20,上市,食品工業,1220,台榮
1993-09-27,上市,食品工業,1225,福懋油
1994-04-09,上市,食品工業,1227,佳格
1976-07-19,上市,食品工業,1229,聯華
1995-11-02,上市,食品工業,1231,聯華食
1996-02-09,上市,食品工業,1232,大統益
1999-01-20,上市,食品工業,1233,天仁
1999-03-12,上市,食品工業,1234,黑松
2000-09-11,上市,食品工業,1235,興泰
2001-09-17,上市,食品工業,1236,宏亞
2016-03-17,上市,食品工業,1256,鮮活果汁-KY
1964-07-27,上市,塑膠工業,1301,台塑
1967-11-05,上市,塑膠工業,1303,南亞
1972-05-20,上市,塑膠工業,1304,台聚
1973-03-05,上市,塑膠工業,1305,華夏
1985-11-23,上市,塑膠工業,1307,三芳
1986-06-20,上市,塑膠工業,1308,亞聚
1986-06-27,上市,塑膠工業,1309,台達化
1987-08-06,上市,塑膠工業,1310,台苯
1988-12-21,上市,塑膠工業,1312,國喬
1989-03-27,上市,塑膠工業,1313,聯成
1991-07-12,上市,塑膠工業,1314,中石化
1992-05-09,上市,塑膠工業,1315,達新
1992-10-15,上市,建材營造業,1316,上曜
1994-12-12,上市,汽車工業,1319,東陽
1999-01-26,上市,塑膠工業,1321,大洋
2000-09-11,上市,塑膠工業,1323,永裕
2000-09-11,上市,塑膠工業,1324,地球
2000-09-11,上市,塑膠工業,1325,恆大
1984-12-20,上市,塑膠工業,1326,台化
2011-07-01,上市,塑膠工業,1337,再生-KY
2012-12-19,上市,汽車工業,1338,廣華-KY
2012-04-24,上市,汽車工業,1339,昭輝
2013-12-06,上市,塑膠工業,1340,勝悅-KY
2018-12-24,上市,塑膠工業,1341,富林-KY
2020-11-24,上市,其他業,1342,八貫
1967-04-14,上市,紡織纖維,1402,遠東新
1973-08-31,上市,紡織纖維,1409,新纖
1973-10-18,上市,紡織纖維,1410,南染
1975-12-23,上市,紡織纖維,1413,宏洲
1976-02-02,上市,紡織纖維,1414,東和
1976-04-20,上市,其他業,1416,廣豐
1976-12-28,上市,紡織纖維,1417,嘉裕
1977-02-14,上市,紡織纖維,1418,東華
1977-03-14,上市,紡織纖維,1419,新紡
1979-04-02,上市,紡織纖維,1423,利華
1982-07-26,上市,運動休閒,1432,大魯閣
1985-12-24,上市,紡織纖維,1434,福懋
1987-12-28,上市,其他業,1435,中福
1988-04-11,上市,建材營造業,1436,華友聯
1988-11-10,上市,其他業,1437,勤益控
1988-12-15,上市,建材營造業,1438,三地開發
1989-05-22,上市,建材營造業,1439,雋揚
1989-10-03,上市,紡織纖維,1440,南紡
1989-10-27,上市,紡織纖維,1441,大東
1989-11-16,上市,建材營造業,1442,名軒
1990-04-21,上市,其他業,1443,立益物流
1990-08-08,上市,紡織纖維,1444,力麗
1991-02-05,上市,紡織纖維,1445,大宇
1991-10-15,上市,紡織纖維,1446,宏和
1992-01-28,上市,紡織纖維,1447,力鵬
1992-03-12,上市,紡織纖維,1449,佳和
1992-12-21,上市,紡織纖維,1451,年興
1992-12-28,上市,紡織纖維,1452,宏益
1993-04-19,上市,建材營造業,1453,大將
1993-05-07,上市,紡織纖維,1454,台富
1993-10-07,上市,紡織纖維,1455,集盛
1993-12-09,上市,建材營造業,1456,怡華
1994-10-20,上市,紡織纖維,1457,宜進
1994-10-26,上市,紡織纖維,1459,聯發
1995-04-28,上市,紡織纖維,1460,宏遠
1996-12-05,上市,紡織纖維,1463,強盛新
1997-01-18,上市,紡織纖維,1464,得力
1997-09-08,上市,紡織纖維,1465,偉全
1998-04-04,上市,紡織纖維,1466,聚隆
1998-12-21,上市,紡織纖維,1467,南緯
1999-01-21,上市,紡織纖維,1468,昶和
1999-05-21,上市,紡織纖維,1470,大統新創
2000-03-06,上市,電子零組件業,1471,首利
2000-09-11,上市,建材營造業,1472,三洋實業
2000-09-11,上市,紡織纖維,1473,台南
2000-10-31,上市,紡織纖維,1474,弘裕
2000-10-27,上市,紡織纖維,1475,業旺
2001-04-18,上市,紡織纖維,1476,儒鴻
2003-01-21,上市,紡織纖維,1477,聚陽
1969-12-15,上市,電機機械,1503,士電
1973-11-05,上市,電機機械,1504,東元
1980-08-11,上市,電機機械,1506,正道
1994-01-28,上市,汽車工業,1512,瑞利
1994-03-08,上市,電機機械,1513,中興電
1994-03-26,上市,電機機械,1514,亞力
1995-02-04,上市,電機機械,1515,力山
1995-04-01,上市,其他業,1516,川飛
1995-11-14,上市,電機機械,1517,利奇
1997-04-16,上市,電機機械,1519,華城
1997-10-06,上市,汽車工業,1521,大億
1997-10-06,上市,汽車工業,1522,堤維西
1998-10-30,上市,汽車工業,1524,耿鼎
1999-05-15,上市,汽車工業,1525,江申
2000-03-27,上市,電機機械,1526,日馳
2000-06-21,上市,電機機械,1527,鑽全
2000-09-11,上市,電機機械,1528,恩德
2000-09-11,上市,電機機械,1529,樂事綠能
2000-09-11,上市,電機機械,1530,亞崴
2000-09-11,上市,電機機械,1531,高林股
2000-09-11,上市,電機機械,1532,勤美
2001-04-06,上市,汽車工業,1533,車王電
2001-09-17,上市,電機機械,1535,中宇
2001-09-17,上市,汽車工業,1536,和大
2002-01-22,上市,電機機械,1537,廣隆
2002-08-26,上市,電機機械,1538,正峰
2002-10-29,上市,電機機械,1539,巨庭
2002-08-26,上市,電機機械,1540,喬福
2003-03-19,上市,電機機械,1541,錩泰
2014-12-23,上市,電機機械,1558,伸興
2005-01-31,上市,電機機械,1560,中砂
2024-05-13,上市,汽車工業,1563,巧新
2014-05-14,上市,汽車工業,1568,倉佑
2009-12-17,上市,電子零組件業,1582,信錦
2008-01-24,上市,電機機械,1583,程泰
2018-04-16,上市,汽車工業,1587,吉茂
2012-04-27,上市,電機機械,1589,永冠-KY
2010-12-13,上市,電機機械,1590,亞德客-KY
2020-12-23,上市,電機機械,1597,直得
2016-09-20,上市,運動休閒,1598,岱宇
1968-06-03,上市,電器電纜,1603,華電
1970-12-14,上市,電器電纜,1604,聲寶
1972-11-03,上市,電器電纜,1605,華新
1988-07-11,上市,電器電纜,1608,華榮
1988-12-12,上市,電器電纜,1609,大亞
1990-01-16,上市,電器電纜,1611,中電
1993-05-08,上市,電器電纜,1612,宏泰
1997-09-18,上市,電器電纜,1614,三洋電
2000-03-30,上市,電器電纜,1615,大山
2000-09-11,上市,電器電纜,1616,億泰
2000-09-11,上市,電器電纜,1617,榮星
2000-09-11,上市,電器電纜,1618,合機
2026-01-22,上市,電器電纜,1623,大東電
2013-03-21,上市,電器電纜,1626,艾美特-KY
1973-05-30,上市,食品工業,1702,南僑
1982-12-20,上市,生技醫療業,1707,葡萄王
1986-06-16,上市,化學工業,1708,東鹼
1986-07-03,上市,化學工業,1709,和益
1987-10-21,上市,化學工業,1710,東聯
1988-12-27,上市,化學工業,1711,永光
1989-12-14,上市,化學工業,1712,興農
1990-01-31,上市,化學工業,1713,國化
1991-08-30,上市,化學工業,1714,和桐
1994-03-31,上市,化學工業,1717,長興
1963-12-02,上市,化學工業,1718,中纖
1995-12-12,上市,生技醫療業,1720,生達
1996-05-16,上市,化學工業,1721,三晃
1998-03-24,上市,化學工業,1722,台肥
1998-11-27,上市,化學工業,1723,中碳
2000-09-11,上市,化學工業,1725,元禎
2000-09-11,上市,化學工業,1726,永記
2000-09-11,上市,化學工業,1727,中華化
2001-09-17,上市,化學工業,1730,花仙子
2001-09-17,上市,生技醫療業,1731,美吾華
2001-09-17,上市,化學工業,1732,毛寶
2001-09-17,上市,生技醫療業,1733,五鼎
2002-08-26,上市,生技醫療業,1734,杏輝
2002-08-26,上市,化學工業,1735,日勝化
2003-01-09,上市,運動休閒,1736,喬山
2003-11-18,上市,食品工業,1737,臺鹽
2022-01-19,上市,生技醫療業,1752,南光
2018-01-23,上市,生技醫療業,1760,寶齡富錦
2010-12-20,上市,生技醫療業,1762,中化生
2009-02-27,上市,化學工業,1773,勝一
2016-05-09,上市,化學工業,1776,展宇
2013-12-20,上市,生技醫療業,1783,和康生
2013-11-12,上市,生技醫療業,1786,科妍
2011-09-29,上市,生技醫療業,1789,神隆
2019-12-16,上市,生技醫療業,1795,美時
1973-07-20,上市,玻璃陶瓷,1802,台玻
1989-10-20,上市,建材營造業,1805,寶徠
1992-09-29,上市,玻璃陶瓷,1806,冠軍
1994-10-26,上市,建材營造業,1808,潤隆
1996-04-30,上市,玻璃陶瓷,1809,中釉
1991-10-14,上市,玻璃陶瓷,1810,和成
2013-10-24,上市,玻璃陶瓷,1817,凱撒衛
1963-12-09,上市,造紙工業,1903,士紙
1971-09-10,上市,造紙工業,1904,正隆
1975-02-07,上市,造紙工業,1905,華紙
1976-04-26,上市,造紙工業,1906,寶隆
1977-02-22,上市,造紙工業,1907,永豐餘
1985-11-19,上市,造紙工業,1909,榮成
1974-12-26,上市,鋼鐵工業,2002,中鋼
1988-07-13,上市,鋼鐵工業,2006,東和鋼鐵
1988-10-04,上市,鋼鐵工業,2007,燁興
1988-12-28,上市,鋼鐵工業,2008,高興昌
1989-10-20,上市,鋼鐵工業,2009,第一銅
1989-12-22,上市,鋼鐵工業,2010,春源
1991-10-17,上市,鋼鐵工業,2012,春雨
1992-01-21,上市,鋼鐵工業,2013,中鋼構
1992-02-20,上市,鋼鐵工業,2014,中鴻
1992-05-25,上市,鋼鐵工業,2015,豐興
1992-11-02,上市,鋼鐵工業,2017,官田鋼
1993-04-27,上市,鋼鐵工業,2020,美亞
1995-03-27,上市,鋼鐵工業,2022,聚亨
1995-07-28,上市,鋼鐵工業,2023,燁輝
1995-12-30,上市,鋼鐵工業,2024,志聯
1996-02-08,上市,鋼鐵工業,2025,千興
1996-10-24,上市,鋼鐵工業,2027,大成鋼
1996-12-13,上市,鋼鐵工業,2028,威致
1997-01-11,上市,鋼鐵工業,2029,盛餘
1998-12-24,上市,鋼鐵工業,2030,彰源
2000-09-11,上市,鋼鐵工業,2031,新光鋼
2000-09-11,上市,鋼鐵工業,2032,新鋼
2000-09-11,上市,鋼鐵工業,2033,佳大
2001-09-17,上市,鋼鐵工業,2034,允強
2008-12-30,上市,鋼鐵工業,2038,海光
2009-06-26,上市,電機機械,2049,上銀
2008-06-25,上市,電子零組件業,2059,川湖
2007-11-16,上市,居家生活,2062,橋椿
2016-03-22,上市,鋼鐵工業,2069,運錩
1963-11-01,上市,橡膠工業,2101,南港
1979-07-16,上市,橡膠工業,2102,泰豐
1982-09-25,上市,橡膠工業,2103,台橡
1986-07-15,上市,橡膠工業,2104,國際中橡
1987-12-07,上市,橡膠工業,2105,正新
1990-12-20,上市,橡膠工業,2106,建大
1992-03-03,上市,橡膠工業,2107,厚生
1992-10-27,上市,橡膠工業,2108,南帝
2000-05-08,上市,橡膠工業,2109,華豐
2010-12-29,上市,橡膠工業,2114,鑫永銓
2013-12-25,上市,汽車工業,2115,六暉-KY
1976-07-08,上市,汽車工業,2201,裕隆
1991-03-12,上市,汽車工業,2204,中華
1996-07-29,上市,汽車工業,2206,三陽工業
1997-02-25,上市,汽車工業,2207,和泰車
2008-12-22,上市,航運業,2208,台船
2021-04-12,上市,鋼鐵工業,2211,長榮鋼
2004-12-21,上市,汽車工業,2227,裕日車
2013-11-25,上市,汽車工業,2228,劍麟
2010-11-19,上市,汽車工業,2231,為升
2019-09-17,上市,汽車工業,2233,宇隆
2015-06-03,上市,汽車工業,2236,百達-KY
2016-01-27,上市,汽車工業,2239,英利-KY
2020-08-26,上市,汽車工業,2241,艾姆勒
2017-09-27,上市,汽車工業,2243,宏旭-KY
2020-10-12,上市,汽車工業,2247,汎德永業
2025-03-13,上市,汽車工業,2248,華勝-KY
2021-05-31,上市,汽車工業,2250,IKKA-KY
1995-11-17,上市,電腦及週邊設備業,2301,光寶科
1985-01-15,上市,半導體業,2302,麗正
1985-07-16,上市,半導體業,2303,聯電
1988-10-21,上市,電腦及週邊設備業,2305,全友
1988-12-19,上市,電子零組件業,2308,台達電
1989-11-07,上市,其他電子業,2312,金寶
1990-07-24,上市,電子零組件業,2313,華通
1990-08-08,上市,通信網路業,2314,台揚
1991-02-05,上市,電子零組件業,2316,楠梓電
1991-06-18,上市,其他電子業,2317,鴻海
1991-11-08,上市,通信網路業,2321,東訊
1992-02-17,上市,光電業,2323,中環
1992-02-18,上市,電腦及週邊設備業,2324,仁寶
1993-10-22,上市,電子零組件業,2327,國巨*
1993-11-09,上市,電子零組件業,2328,廣宇
1994-04-20,上市,半導體業,2329,華泰
1994-09-05,上市,半導體業,2330,台積電
1994-09-21,上市,電腦及週邊設備業,2331,精英
1994-10-17,上市,通信網路業,2332,友訊
1995-03-15,上市,半導體業,2337,旺宏
1995-04-17,上市,半導體業,2338,光罩
1995-05-02,上市,半導體業,2340,台亞
1995-09-19,上市,半導體業,2342,茂矽
1995-10-18,上市,半導體業,2344,華邦電
1995-11-15,上市,通信網路業,2345,智邦
1995-12-13,上市,電子通路業,2347,聯強
1996-01-05,上市,其他業,2348,海悅
1996-04-23,上市,光電業,2349,錸德
1996-04-25,上市,半導體業,2351,順德
1996-07-22,上市,電腦及週邊設備業,2352,佳世達
1996-09-18,上市,電腦及週邊設備業,2353,宏碁
1996-10-08,上市,其他電子業,2354,鴻準
1996-10-14,上市,電子零組件業,2355,敬鵬
1996-11-13,上市,電腦及週邊設備業,2356,英業達
1996-11-14,上市,電腦及週邊設備業,2357,華碩
1996-12-19,上市,其他電子業,2359,所羅門
1996-12-21,上市,其他電子業,2360,致茂
1997-04-02,上市,電腦及週邊設備業,2362,藍天
1997-08-01,上市,半導體業,2363,矽統
1997-08-11,上市,電腦及週邊設備業,2364,倫飛
1997-11-03,上市,電腦及週邊設備業,2365,昆盈
1997-12-13,上市,電子零組件業,2367,燿華
1998-03-09,上市,電子零組件業,2368,金像電
1998-04-10,上市,半導體業,2369,菱生
1962-02-09,上市,電機機械,2371,大同
1991-08-01,上市,其他電子業,2373,震旦行
1995-01-16,上市,光電業,2374,佳能
1998-08-29,上市,電子零組件業,2375,凱美
1998-09-24,上市,電腦及週邊設備業,2376,技嘉
1998-10-31,上市,電腦及週邊設備業,2377,微星
1998-10-26,上市,半導體業,2379,瑞昱
1998-12-03,上市,電腦及週邊設備業,2380,虹光
1999-01-08,上市,電腦及週邊設備業,2382,廣達
1998-11-27,上市,電子零組件業,2383,台光電
1999-01-05,上市,電子零組件業,2385,群光
1999-01-25,上市,電腦及週邊設備業,2387,精元
1999-03-05,上市,半導體業,2388,威盛
1999-06-15,上市,其他電子業,2390,云辰
1999-09-20,上市,電子零組件業,2392,正崴
1999-11-04,上市,光電業,2393,億光
1999-12-13,上市,電腦及週邊設備業,2395,研華
2000-01-15,上市,電腦及週邊設備業,2397,友通
1999-12-16,上市,電腦及週邊設備業,2399,映泰
2000-01-27,上市,半導體業,2401,凌陽
2000-01-14,上市,電子零組件業,2402,毅嘉
2000-03-14,上市,其他電子業,2404,漢唐
2000-03-17,上市,電腦及週邊設備業,2405,輔信
2000-04-29,上市,光電業,2406,國碩
2000-08-17,上市,半導體業,2408,南亞科
2000-09-08,上市,光電業,2409,友達
2000-10-27,上市,通信網路業,2412,中華電
2000-09-11,上市,電子零組件業,2413,環科
2000-09-11,上市,電子通路業,2414,精技
2000-09-11,上市,電子零組件業,2415,錩新
2000-09-11,上市,電腦及週邊設備業,2417,圓剛
2000-09-11,上市,通信網路業,2419,仲琦
2000-09-11,上市,電子零組件業,2420,新巨
2000-09-11,上市,電子零組件業,2421,建準
2000-09-11,上市,其他電子業,2423,固緯
2000-09-11,上市,通信網路業,2424,隴華
2000-09-11,上市,電腦及週邊設備業,2425,承啟
2000-09-11,上市,光電業,2426,鼎元
2000-09-11,上市,資訊服務業,2427,三商電
2000-09-11,上市,電子零組件業,2428,興勤
2000-09-11,上市,光電業,2429,銘旺科
2000-09-11,上市,電子通路業,2430,燦坤
2000-09-11,上市,電子零組件業,2431,聯昌
2000-09-11,上市,其他電子業,2433,互盛電
2000-09-11,上市,半導體業,2434,統懋
2000-09-11,上市,半導體業,2436,偉詮電
2000-09-11,上市,光電業,2438,翔耀
2000-09-11,上市,通信網路業,2439,美律
2000-11-10,上市,電子零組件業,2440,太空梭
2000-10-26,上市,半導體業,2441,超豐
2000-11-22,上市,建材營造業,2442,新美齊
2000-12-08,上市,通信網路業,2444,兆勁
2001-05-09,上市,半導體業,2449,京元電子
2001-05-24,上市,通信網路業,2450,神腦
2001-05-03,上市,半導體業,2451,創見
2001-05-22,上市,資訊服務業,2453,凌群
2001-07-23,上市,半導體業,2454,聯發科
2002-01-24,上市,通信網路業,2455,全新
2001-09-17,上市,電子零組件業,2457,飛宏
2001-09-17,上市,半導體業,2458,義隆
2001-09-17,上市,其他電子業,2459,敦吉
2001-09-17,上市,電子零組件業,2460,建通
2001-09-17,上市,其他電子業,2461,光群雷
2001-09-17,上市,電子零組件業,2462,良得電
2001-09-17,上市,其他電子業,2464,盟立
2001-09-19,上市,電腦及週邊設備業,2465,麗臺
2001-09-17,上市,光電業,2466,冠西電
2001-09-17,上市,電子零組件業,2467,志聖
2001-09-17,上市,資訊服務業,2468,華經
2001-09-17,上市,資訊服務業,2471,資通
2001-09-17,上市,電子零組件業,2472,立隆電
2001-09-17,上市,其他電子業,2474,可成
2001-09-17,上市,電子零組件業,2476,鉅祥
2001-09-17,上市,其他電子業,2477,美隆電
2001-09-17,上市,電子零組件業,2478,大毅
2001-09-17,上市,資訊服務業,2480,敦陽科
2001-09-17,上市,半導體業,2481,強茂
2001-09-17,上市,其他電子業,2482,連宇
2001-09-17,上市,電子零組件業,2483,百容
2001-09-17,上市,電子零組件業,2484,希華
2001-09-17,上市,通信網路業,2485,兆赫
2001-09-19,上市,光電業,2486,一詮
2001-09-17,上市,其他電子業,2488,漢平
2001-09-17,上市,光電業,2489,瑞軒
2001-09-17,上市,光電業,2491,吉祥全
2001-09-17,上市,電子零組件業,2492,華新科
2002-01-23,上市,電子零組件業,2493,揚博
2002-03-25,上市,電腦及週邊設備業,2495,普安
2002-03-08,上市,其他業,2496,卓越
2002-02-04,上市,汽車工業,2497,怡利電
2002-03-26,上市,通信網路業,2498,宏達電
1967-10-28,上市,建材營造業,2501,國建
1978-03-14,上市,建材營造業,2504,國產
1979-11-14,上市,建材營造業,2505,國揚
1980-02-02,上市,建材營造業,2506,太設
1988-05-20,上市,建材營造業,2509,全坤建
1991-04-24,上市,建材營造業,2511,太子
1992-09-26,上市,其他業,2514,龍邦
1993-03-02,上市,建材營造業,2515,中工
1993-05-25,上市,建材營造業,2516,新建
1993-10-27,上市,建材營造業,2520,冠德
1994-10-18,上市,建材營造業,2524,京城
1995-03-06,上市,建材營造業,2527,宏璟
1995-03-10,上市,建材營造業,2528,皇普
1995-10-12,上市,建材營造業,2530,華建
1996-02-12,上市,建材營造業,2534,宏盛
1996-03-11,上市,建材營造業,2535,達欣工
1996-03-14,上市,建材營造業,2536,宏普
1996-09-06,上市,建材營造業,2537,聯上發
1996-11-01,上市,建材營造業,2538,基泰
1997-07-16,上市,建材營造業,2539,櫻花建
1989-12-26,上市,建材營造業,2540,愛山林
1999-05-03,上市,建材營造業,2542,興富發
1999-10-15,上市,建材營造業,2543,皇昌
2000-09-11,上市,建材營造業,2545,皇翔
2000-09-11,上市,建材營造業,2546,根基
2000-12-22,上市,建材營造業,2547,日勝生
2002-08-26,上市,建材營造業,2548,華固
2010-03-26,上市,建材營造業,2597,潤弘
1965-11-04,上市,貿易百貨業,2601,益航
1987-09-21,上市,航運業,2603,長榮
1989-12-08,上市,航運業,2605,新興
1990-12-08,上市,航運業,2606,裕民
1990-12-14,上市,航運業,2607,榮運
1990-12-20,上市,航運業,2608,嘉里大榮
1992-04-20,上市,航運業,2609,陽明
1993-02-26,上市,航運業,2610,華航
1993-10-28,上市,航運業,2611,志信
1994-10-20,上市,航運業,2612,中航
1995-01-20,上市,航運業,2613,中櫃
1995-09-23,上市,其他業,2614,東森
1996-05-16,上市,航運業,2615,萬海
1997-11-08,上市,油電燃氣業,2616,山隆
1998-06-24,上市,航運業,2617,台航
2001-09-17,上市,航運業,2618,長榮航
2018-02-22,上市,航運業,2630,亞航
2016-10-27,上市,航運業,2633,台灣高鐵
2014-08-25,上市,航運業,2634,漢翔
2016-12-22,上市,航運業,2636,台驊控股
2010-12-01,上市,航運業,2637,慧洋-KY
2013-12-12,上市,航運業,2642,宅配通
2023-03-14,上市,航運業,2645,長榮航太
2024-10-25,上市,航運業,2646,星宇航空
1965-03-22,上市,觀光餐旅,2701,萬企
1965-02-14,上市,觀光餐旅,2702,華園
1982-11-10,上市,觀光餐旅,2704,國賓
1988-12-24,上市,觀光餐旅,2705,六福
1991-06-25,上市,觀光餐旅,2706,第一店
1998-03-09,上市,觀光餐旅,2707,晶華
2013-12-03,上市,觀光餐旅,2712,遠雄來
2012-03-14,上市,觀光餐旅,2722,夏都
2010-11-22,上市,觀光餐旅,2723,美食-KY
2012-03-06,上市,觀光餐旅,2727,王品
2013-09-24,上市,觀光餐旅,2731,雄獅
2016-05-19,上市,觀光餐旅,2739,寒舍
2016-11-23,上市,觀光餐旅,2748,雲品
2021-09-09,上市,觀光餐旅,2753,八方雲集
2024-01-24,上市,運動休閒,2762,世界健身-KY
1962-02-15,上市,金融保險業,2801,彰銀
1984-05-15,上市,金融保險業,2812,台中銀
1992-05-05,上市,金融保險業,2816,旺旺保
1994-10-26,上市,金融保險業,2820,華票
1997-09-30,上市,金融保險業,2832,台產
1998-01-03,上市,金融保險業,2834,臺企銀
1998-05-18,上市,金融保險業,2836,高雄銀
1998-06-29,上市,金融保險業,2838,聯邦銀
1998-11-27,上市,金融保險業,2845,遠東銀
1999-09-27,上市,金融保險業,2849,安泰銀
2000-05-22,上市,金融保險業,2850,新產
2000-07-06,上市,金融保險業,2851,中再保
2000-11-28,上市,金融保險業,2852,第一保
2002-09-16,上市,金融保險業,2855,統一證
2012-12-18,上市,金融保險業,2867,三商壽
2001-12-19,上市,金融保險業,2880,華南金
2001-12-19,上市,金融保險業,2881,富邦金
2001-12-31,上市,金融保險業,2882,國泰金
2001-12-28,上市,金融保險業,2883,凱基金
2002-01-28,上市,金融保險業,2884,玉山金
2002-02-04,上市,金融保險業,2885,元大金
2002-02-04,上市,金融保險業,2886,兆豐金
2002-02-18,上市,金融保險業,2887,台新新光金
2002-03-26,上市,金融保險業,2889,國票金
2002-05-09,上市,金融保險業,2890,永豐金
2002-05-17,上市,金融保險業,2891,中信金
2003-01-02,上市,金融保險業,2892,第一金
2017-05-05,上市,金融保險業,2897,王道銀行
1976-05-07,上市,貿易百貨業,2901,欣欣
1978-10-11,上市,貿易百貨業,2903,遠百
1983-01-05,上市,其他業,2904,匯僑
1988-09-19,上市,貿易百貨業,2905,三商
1989-12-26,上市,貿易百貨業,2906,高林
1993-02-18,上市,貿易百貨業,2908,特力
1996-12-30,上市,貿易百貨業,2910,統領
1997-01-18,上市,貿易百貨業,2911,麗嬰房
1997-08-22,上市,貿易百貨業,2912,統一超
1962-02-09,上市,貿易百貨業,2913,農林
1977-07-20,上市,貿易百貨業,2915,潤泰全
2012-12-07,上市,建材營造業,2923,鼎固-KY
2013-12-30,上市,貿易百貨業,2929,淘帝-KY
2018-01-11,上市,貿易百貨業,2939,永邑-KY
2021-11-30,上市,貿易百貨業,2945,三商家購
2002-01-23,上市,電腦及週邊設備業,3002,歐格
2002-02-19,上市,電子零組件業,3003,健和興
2002-02-25,上市,鋼鐵工業,3004,豐達科
2002-02-25,上市,電腦及週邊設備業,3005,神基
2002-03-04,上市,半導體業,3006,晶豪科
2002-03-11,上市,光電業,3008,大立光
2002-07-22,上市,電子通路業,3010,華立
2002-07-22,上市,電子零組件業,3011,今皓
2002-09-16,上市,電腦及週邊設備業,3013,晟銘電
2002-10-29,上市,半導體業,3014,聯陽
2002-10-16,上市,電子零組件業,3015,全漢
2002-12-24,上市,半導體業,3016,嘉晶
2002-09-27,上市,電腦及週邊設備業,3017,奇鋐
2002-08-26,上市,其他電子業,3018,隆銘綠能
2002-08-26,上市,光電業,3019,亞光
2002-08-26,上市,電子零組件業,3021,鴻名
2002-08-26,上市,電腦及週邊設備業,3022,威強電
2002-08-26,上市,電子零組件業,3023,信邦
2002-08-26,上市,光電業,3024,憶聲
2002-08-26,上市,通信網路業,3025,星通
2002-08-26,上市,電子零組件業,3026,禾伸堂
2002-08-26,上市,通信網路業,3027,盛達
2002-08-26,上市,電子通路業,3028,增你強
2002-08-26,上市,資訊服務業,3029,零壹
2002-10-29,上市,其他電子業,3030,德律
2002-08-26,上市,光電業,3031,佰鴻
2002-08-26,上市,電子零組件業,3032,偉訓
2002-08-26,上市,電子通路業,3033,威健
2002-08-26,上市,半導體業,3034,聯詠
2002-08-26,上市,半導體業,3035,智原
2002-08-26,上市,電子通路業,3036,文曄
2002-08-26,上市,電子零組件業,3037,欣興
2002-08-26,上市,光電業,3038,全台
2002-08-26,上市,其他業,3040,遠見
2002-08-26,上市,半導體業,3041,揚智
2002-08-26,上市,電子零組件業,3042,晶技
2002-08-26,上市,其他電子業,3043,科風
2002-08-26,上市,電子零組件業,3044,健鼎
2002-08-26,上市,通信網路業,3045,台灣大
2002-08-26,上市,電腦及週邊設備業,3046,建碁
2002-08-26,上市,通信網路業,3047,訊舟
2002-10-01,上市,電子通路業,3048,益登
2002-09-27,上市,光電業,3049,精金
2002-10-29,上市,光電業,3050,鈺德
2002-10-28,上市,光電業,3051,力特
1995-11-25,上市,建材營造業,3052,夆典
2002-11-18,上市,食品工業,3054,立萬利
2002-12-12,上市,電子通路業,3055,蔚華科
2003-03-03,上市,建材營造業,3056,富華新
2002-12-18,上市,電腦及週邊設備業,3057,喬鼎
2002-12-09,上市,電子零組件業,3058,立德
2002-12-24,上市,光電業,3059,華晶科
2003-04-21,上市,電腦及週邊設備業,3060,銘異
2003-07-28,上市,通信網路業,3062,建漢
2007-12-31,上市,電子零組件業,3090,日電貿
2021-05-13,上市,電子零組件業,3092,鴻碩
2007-08-06,上市,半導體業,3094,聯傑
2006-02-17,上市,數位雲端,3130,一零四
2025-08-06,上市,半導體業,3135,凌航
2020-12-11,上市,通信網路業,3138,耀登
2011-11-23,上市,光電業,3149,正達
2010-03-22,上市,生技醫療業,3164,景岳
2013-10-21,上市,電機機械,3167,大量
2024-03-26,上市,光電業,3168,眾福科
2004-11-01,上市,半導體業,3189,景碩
2008-11-26,上市,電子通路業,3209,全科
2009-12-31,上市,電子零組件業,3229,晟鈦
2003-08-19,上市,電腦及週邊設備業,3231,緯創
2011-03-21,上市,半導體業,3257,虹冠電
2014-12-24,上市,建材營造業,3266,昇陽
2007-12-31,上市,電子零組件業,3296,勝德
2008-07-10,上市,其他電子業,3305,昇貿
2008-03-12,上市,電子零組件業,3308,聯德
2004-03-08,上市,通信網路業,3311,閎暉
2010-12-29,上市,電子通路業,3312,弘憶股
2015-12-15,上市,電子零組件業,3321,同泰
2013-12-13,上市,電子零組件業,3338,泰碩
2016-12-19,上市,汽車工業,3346,麗清
2005-03-28,上市,光電業,3356,奇偶
2007-12-31,上市,電子零組件業,3376,新日興
2004-12-20,上市,通信網路業,3380,明泰
2005-12-20,上市,光電業,3406,玉晶光
2015-07-28,上市,半導體業,3413,京鼎
2015-01-23,上市,電腦及週邊設備業,3416,融程電
2008-01-21,上市,通信網路業,3419,譁裕
2010-12-30,上市,電子零組件業,3432,台端
2014-07-09,上市,光電業,3437,榮創
2006-11-03,上市,半導體業,3443,創意
2022-12-15,上市,通信網路業,3447,展達
2006-04-12,上市,半導體業,3450,聯鈞
2011-07-22,上市,光電業,3454,晶睿
2006-10-24,上市,光電業,3481,群創
2007-12-13,上市,電腦及週邊設備業,3494,誠研
2007-09-20,上市,電子零組件業,3501,維熹
2007-01-26,上市,光電業,3504,揚明光
2007-11-08,上市,電腦及週邊設備業,3515,華擎
2007-11-28,上市,其他電子業,3518,柏騰
2016-05-18,上市,電子通路業,3528,安馳
2018-07-16,上市,半導體業,3530,晶相光
2007-12-10,上市,半導體業,3532,台勝科
2007-12-10,上市,電子零組件業,3533,嘉澤
2008-01-31,上市,光電業,3535,晶彩科
2020-04-15,上市,光電業,3543,州巧
2007-07-03,上市,半導體業,3545,敦泰
2010-11-10,上市,電子零組件業,3550,聯穎
2008-02-27,上市,居家生活,3557,嘉威
2019-04-02,上市,光電業,3563,牧德
2009-01-12,上市,光電業,3576,聯合再生
2013-03-12,上市,半導體業,3583,辛耘
2009-08-14,上市,半導體業,3588,通嘉
2010-11-12,上市,光電業,3591,艾笛森
2022-01-07,上市,半導體業,3592,瑞鼎
2009-03-16,上市,電子零組件業,3593,力銘
2009-03-11,上市,通信網路業,3596,智易
2009-03-26,上市,電子零組件業,3605,宏致
2009-10-28,上市,電子零組件業,3607,谷崧
2009-12-23,上市,其他電子業,3617,碩天
2009-03-25,上市,光電業,3622,洋華
2011-10-05,上市,電子零組件業,3645,達邁
2022-09-21,上市,電腦及週邊設備業,3652,精聯
2009-11-18,上市,電子零組件業,3653,健策
2014-10-28,上市,半導體業,3661,世芯-KY
2011-04-21,上市,其他電子業,3665,貿聯-KY
2011-08-25,上市,通信網路業,3669,圓展
2010-10-29,上市,光電業,3673,TPK-KY
2011-10-05,上市,電子零組件業,3679,新至陞
2010-07-20,上市,半導體業,3686,達能
2011-05-03,上市,通信網路業,3694,海華
2004-08-30,上市,電腦及週邊設備業,3701,大眾控
2005-11-09,上市,電子通路業,3702,大聯大
2010-04-08,上市,建材營造業,3703,欣陸
2010-08-16,上市,通信網路業,3704,合勤控
2011-01-03,上市,生技醫療業,3705,永信
2013-09-12,上市,電腦及週邊設備業,3706,神達
2016-08-31,上市,綠能環保,3708,上緯投控
2018-04-30,上市,半導體業,3711,日月光投控
2018-10-01,上市,電腦及週邊設備業,3712,永崴投控
2021-01-06,上市,光電業,3714,富采
2022-08-25,上市,電子零組件業,3715,定穎投控
2024-09-02,上市,生技醫療業,3716,中化控股
2018-05-09,上市,汽車工業,3717,聯嘉投控
2007-12-31,上市,生技醫療業,4104,佳醫
2004-11-08,上市,生技醫療業,4106,雃博
2008-07-16,上市,生技醫療業,4108,懷特
2004-01-07,上市,生技醫療業,4119,旭富
2009-12-28,上市,生技醫療業,4133,亞諾法
2013-11-27,上市,生技醫療業,4137,麗豐-KY
2012-05-03,上市,生技醫療業,4142,國光生
2017-06-08,上市,生技醫療業,4148,全宇生技-KY
2017-12-05,上市,生技醫療業,4155,訊映
2012-10-24,上市,生技醫療業,4164,承業醫
2015-10-21,上市,生技醫療業,4190,佐登-KY
2008-01-21,上市,塑膠工業,4306,炎洲
2004-09-06,上市,紡織纖維,4414,如興
2011-12-16,上市,紡織纖維,4426,利勤
2016-10-18,上市,紡織纖維,4438,廣越
2019-12-05,上市,紡織纖維,4439,冠星-KY
2021-10-25,上市,紡織纖維,4440,宜新實業
2025-09-09,上市,紡織纖維,4441,振大環球
2003-09-15,上市,電機機械,4526,東台
2003-08-04,上市,電機機械,4532,瑞智
2013-10-09,上市,運動休閒,4536,拓凱
2018-08-15,上市,電機機械,4540,全球傳動
2016-01-06,上市,電子零組件業,4545,銘鈺
2015-08-10,上市,汽車工業,4551,智伸科
2016-07-20,上市,電機機械,4552,力達-KY
2015-10-27,上市,電機機械,4555,氣立
2015-10-12,上市,汽車工業,4557,永新-KY
2017-05-26,上市,電機機械,4560,強信-KY
2017-08-21,上市,電機機械,4562,穎漢
2019-03-07,上市,電機機械,4564,元翎
2018-02-05,上市,電機機械,4566,時碩工業
2023-07-31,上市,汽車工業,4569,六方科-KY
2019-09-17,上市,電機機械,4571,鈞興-KY
2019-09-10,上市,電機機械,4572,駐龍
2019-09-04,上市,電機機械,4576,大銀微系統
2020-03-09,上市,汽車工業,4581,光隆精密-KY
2022-05-09,上市,電機機械,4583,台灣精銳
2025-09-26,上市,其他電子業,4585,達明
2024-01-29,上市,其他電子業,4588,玖鼎電力
2015-06-24,上市,化學工業,4720,德淵
2012-08-15,上市,化學工業,4722,國精化
2023-12-22,上市,生技醫療業,4736,泰博
2010-12-23,上市,生技醫療業,4737,華廣
2017-09-08,上市,化學工業,4739,康普
2011-03-01,上市,生技醫療業,4746,台耀
2013-11-27,上市,化學工業,4755,三福化
2015-11-09,上市,化學工業,4763,材料*-KY
2018-01-04,上市,化學工業,4764,雙鍵
2018-11-28,上市,化學工業,4766,南寶
2021-12-22,上市,化學工業,4770,上品
2024-03-18,上市,生技醫療業,4771,望隼
2017-06-26,上市,貿易百貨業,4807,日成-KY
2005-08-24,上市,通信網路業,4904,遠傳
2003-06-30,上市,通信網路業,4906,正文
2015-05-21,上市,電子零組件業,4912,聯德控股-KY
2012-10-05,上市,電子零組件業,4915,致伸
2013-11-21,上市,電腦及週邊設備業,4916,事欣科
2010-09-27,上市,半導體業,4919,新唐
2015-09-08,上市,電子零組件業,4927,泰鼎-KY
2010-06-21,上市,電器電纜,4930,燦星網
2010-03-10,上市,光電業,4934,太極
2011-07-28,上市,光電業,4935,茂林-KY
2010-06-24,上市,電腦及週邊設備業,4938,和碩
2011-06-27,上市,光電業,4942,嘉彰
2016-11-11,上市,電子零組件業,4943,康控-KY
2024-05-09,上市,光電業,4949,有成精密
2011-11-01,上市,半導體業,4952,凌通
2011-10-24,上市,光電業,4956,光鋐
2011-12-26,上市,電子零組件業,4958,臻鼎-KY
2011-10-24,上市,光電業,4960,誠美材
2018-10-17,上市,半導體業,4961,天鈺
2019-01-14,上市,半導體業,4967,十銓
2015-11-13,上市,半導體業,4968,立積
2012-11-20,上市,光電業,4976,佳凌
2013-11-20,上市,通信網路業,4977,眾達-KY
2018-06-28,上市,電子零組件業,4989,榮科
2013-12-25,上市,資訊服務業,4994,傳奇
2013-06-03,上市,電子零組件業,4999,鑫禾
2011-09-16,上市,鋼鐵工業,5007,三星
2004-09-27,上市,資訊服務業,5203,訊連
2011-12-26,上市,電腦及週邊設備業,5215,科嘉-KY
2021-10-25,上市,半導體業,5222,全訊
2012-11-05,上市,其他電子業,5225,東科-KY
2012-07-16,上市,光電業,5234,達興材料
2013-11-25,上市,光電業,5243,乙盛-KY
2022-01-19,上市,光電業,5244,弘凱
2016-12-30,上市,電腦及週邊設備業,5258,虹堡
2012-12-12,上市,半導體業,5269,祥碩
2019-05-24,上市,電器電纜,5283,禾聯碩
2017-03-09,上市,其他業,5284,jpp-KY
2014-02-25,上市,半導體業,5285,界霖
2014-09-25,上市,電機機械,5288,豐祥-KY
2020-01-07,上市,綠能環保,5292,華懋
2022-03-08,上市,運動休閒,5306,桂盟
2007-12-03,上市,通信網路業,5388,中磊
2003-08-25,上市,電子通路業,5434,崇越
2003-08-25,上市,電子零組件業,5469,瀚宇博
2003-08-25,上市,半導體業,5471,松翰
2003-08-25,上市,光電業,5484,慧友
2003-10-06,上市,建材營造業,5515,建國
2014-02-10,上市,建材營造業,5519,隆大
2012-12-18,上市,建材營造業,5521,工信
2007-08-06,上市,建材營造業,5522,遠雄
2004-11-26,上市,建材營造業,5525,順天
2005-01-31,上市,建材營造業,5531,鄉林
2008-04-30,上市,建材營造業,5533,皇鼎
2004-05-24,上市,建材營造業,5534,長虹
2013-12-16,上市,鋼鐵工業,5538,東明-KY
2020-05-20,上市,建材營造業,5546,永固-KY
2004-12-02,上市,航運業,5607,遠雄港
2003-08-25,上市,航運業,5608,四維航
2011-10-21,上市,觀光餐旅,5706,鳳凰
2011-12-13,上市,其他業,5871,中租-KY
2018-10-19,上市,金融保險業,5876,上海商銀
2011-12-01,上市,金融保險業,5880,合庫金
2011-10-24,上市,貿易百貨業,5906,台南-KY
2012-06-06,上市,貿易百貨業,5907,大洋-KY
2005-11-21,上市,金融保險業,6005,群益證
2017-10-16,上市,金融保險業,6024,群益期
2008-12-30,上市,電子零組件業,6108,競國
2003-08-04,上市,資訊服務業,6112,邁達特
2004-07-19,上市,電子零組件業,6115,鎰勝
2004-09-06,上市,光電業,6116,彩晶
2003-08-25,上市,電腦及週邊設備業,6117,迎廣
2006-09-13,上市,光電業,6120,達運
2003-06-16,上市,電腦及週邊設備業,6128,上福
2003-08-15,上市,電子零組件業,6133,金橋
2003-08-25,上市,通信網路業,6136,富爾特
2003-08-25,上市,其他電子業,6139,亞翔
2003-10-22,上市,電子零組件業,6141,柏承
2003-08-04,上市,通信網路業,6142,友勁
2009-12-08,上市,通信網路業,6152,百一
2008-01-21,上市,電子零組件業,6153,嘉聯益
2006-08-18,上市,電子零組件業,6155,鈞寶
2008-10-21,上市,光電業,6164,華興
2003-08-04,上市,數位雲端,6165,浪凡
2004-11-08,上市,電腦及週邊設備業,6166,凌華
2003-08-25,上市,光電業,6168,宏齊
2007-05-15,上市,光電業,6176,瑞儀
2013-08-01,上市,建材營造業,6177,達麗
2011-12-01,上市,資訊服務業,6183,關貿
2005-02-15,上市,其他業,6184,大豐電
2004-05-24,上市,電子通路業,6189,豐藝
2007-10-19,上市,電子零組件業,6191,精成科
2004-09-27,上市,其他電子業,6192,巨路
2004-05-24,上市,其他電子業,6196,帆宣
2004-11-08,上市,電子零組件業,6197,佳必琪
2004-09-27,上市,其他電子業,6201,亞弘電
2004-09-27,上市,半導體業,6202,盛群
2008-01-21,上市,電子零組件業,6205,詮欣
2004-08-03,上市,電腦及週邊設備業,6206,飛捷
2004-11-08,上市,光電業,6209,今國光
2008-01-21,上市,電子零組件業,6213,聯茂
2010-12-30,上市,資訊服務業,6214,精誠
2007-12-31,上市,其他電子業,6215,和椿
2004-09-27,上市,通信網路業,6216,居易
2009-09-17,上市,電子零組件業,6224,聚鼎
2004-09-27,上市,光電業,6225,天瀚
2008-11-10,上市,光電業,6226,光鼎
2010-09-16,上市,電腦及週邊設備業,6230,尼得科超眾
2004-08-23,上市,電腦及週邊設備業,6235,華孚
2004-11-08,上市,半導體業,6239,力成
2009-12-17,上市,半導體業,6243,迅杰
2003-08-25,上市,半導體業,6257,矽格
2003-09-23,上市,電子零組件業,6269,台郡
2007-11-16,上市,半導體業,6271,同欣電
2025-12-22,上市,電子零組件業,6272,驊陞
2003-10-30,上市,電腦及週邊設備業,6277,宏正
2010-08-24,上市,光電業,6278,台表科
2005-12-08,上市,電子通路業,6281,全國電
2003-09-08,上市,電子零組件業,6282,康舒
2008-01-21,上市,其他電子業,6283,淳安
2003-09-22,上市,通信網路業,6285,啟碁
2013-11-28,上市,光電業,6405,悅城
2014-03-31,上市,其他電子業,6409,旭隼
2013-11-08,上市,電子零組件業,6412,群電
2014-03-28,上市,電腦及週邊設備業,6414,樺漢
2013-12-12,上市,半導體業,6415,矽力*-KY
2018-04-16,上市,通信網路業,6416,瑞祺電通
2021-03-24,上市,通信網路業,6426,統新
2014-12-04,上市,生技醫療業,6431,光麗-KY
2021-01-19,上市,其他電子業,6438,迅得
2015-07-14,上市,通信網路業,6442,光聖
2015-10-01,上市,光電業,6443,元晶
2024-01-25,上市,生技醫療業,6446,藥華藥
2014-12-09,上市,電子零組件業,6449,鈺邦
2015-01-26,上市,半導體業,6451,訊芯-KY
2015-06-12,上市,光電業,6456,GIS-KY
2015-12-16,上市,其他業,6464,台數科
2023-12-19,上市,生技醫療業,6472,保瑞
2016-06-21,上市,光電業,6477,安集
2019-10-07,上市,生技醫療業,6491,晶碩
2013-05-07,上市,其他業,6504,南六
2003-12-26,上市,油電燃氣業,6505,台塑化
2021-01-20,上市,半導體業,6515,穎崴
2016-04-12,上市,半導體業,6525,捷敏-KY
2023-10-19,上市,半導體業,6526,達發
2016-05-31,上市,半導體業,6531,愛普*
2017-03-14,上市,半導體業,6533,晶心科
2017-10-26,上市,生技醫療業,6541,泰福-KY
2022-06-06,上市,生技醫療業,6550,北極星藥業-KY
2017-01-10,上市,半導體業,6552,易華電
2018-12-05,上市,其他電子業,6558,興能高
2017-09-26,上市,半導體業,6573,虹揚-KY
2017-08-21,上市,電腦及週邊設備業,6579,研揚
2018-01-30,上市,綠能環保,6581,鋼聯
2017-06-14,上市,橡膠工業,6582,申豐
2022-05-20,上市,其他業,6585,鼎基
2025-07-21,上市,生技醫療業,6589,台康生技
2017-12-28,上市,電腦及週邊設備業,6591,動力-KY
2019-12-09,上市,其他業,6592,和潤企業
2020-06-09,上市,生技醫療業,6598,ABC-KY
2004-03-17,上市,汽車工業,6605,帝寶
2023-03-24,上市,電機機械,6606,建德工業
2025-11-25,上市,數位雲端,6614,資拓宏宇
2018-02-07,上市,其他業,6625,必應
2018-09-21,上市,綠能環保,6641,基士德-KY
2018-11-28,上市,其他業,6655,科定
2023-06-12,上市,生技醫療業,6657,華安
2023-11-02,上市,其他電子業,6658,聯策
2018-11-19,上市,生技醫療業,6666,羅麗芬-KY
2018-12-12,上市,光電業,6668,中揚光
2019-03-27,上市,電腦及週邊設備業,6669,緯穎
2018-12-18,上市,運動休閒,6670,復盛應用
2018-12-11,上市,居家生活,6671,三能-KY
2019-04-17,上市,電子零組件業,6672,騰輝電子-KY
2018-11-28,上市,通信網路業,6674,鋐寶科技
2022-09-13,上市,數位雲端,6689,伊雲谷
2022-01-03,上市,其他電子業,6691,洋基工程
2022-11-04,上市,半導體業,6695,芯鼎
2019-11-25,上市,其他電子業,6698,旭暉應材
2019-12-19,上市,光電業,6706,惠特
2019-12-12,上市,電子零組件業,6715,嘉基
2022-01-13,上市,半導體業,6719,力智
2026-01-16,上市,其他電子業,6722,輝創
2023-12-05,上市,光電業,6742,澤米
2020-12-14,上市,其他電子業,6743,安普新
2023-03-10,上市,航運業,6753,龍德造船
2020-08-25,上市,居家生活,6754,匯僑設計
2020-12-24,上市,半導體業,6756,威鋒電子
2024-11-29,上市,航運業,6757,台灣虎航
2021-04-22,上市,運動休閒,6768,志強-KY
2021-12-06,上市,半導體業,6770,力積電
2021-03-31,上市,電子通路業,6776,展碁國際
2021-03-22,上市,電子零組件業,6781,AES-KY
2022-11-28,上市,生技醫療業,6782,視陽
2022-06-30,上市,半導體業,6789,采鈺
2021-09-29,上市,造紙工業,6790,永豐實
2021-12-08,上市,通信網路業,6792,詠業
2025-10-16,上市,生技醫療業,6794,向榮生技
2022-06-01,上市,生技醫療業,6796,晉弘
2022-05-12,上市,半導體業,6799,來頡
2023-11-09,上市,電子零組件業,6805,富世達
2021-11-15,上市,綠能環保,6806,森崴能源
2022-04-25,上市,居家生活,6807,峰源-KY
2022-08-31,上市,其他電子業,6830,汎銓
2025-11-25,上市,電腦及週邊設備業,6831,邁科
2022-09-01,上市,電子零組件業,6834,天二科技
2022-11-10,上市,電子零組件業,6835,圓裕
2024-08-13,上市,生技醫療業,6838,台新藥
2023-03-27,上市,生技醫療業,6861,睿生光電
2024-10-23,上市,電子零組件業,6862,三集瑞-KY
2023-03-21,上市,通信網路業,6863,永道-KY
2024-06-19,上市,綠能環保,6869,雲豹能源
2024-09-26,上市,綠能環保,6873,泓德能源
2024-12-16,上市,生技醫療業,6885,全福生技
2025-03-10,上市,綠能環保,6887,寶綠特-KY
2024-06-12,上市,運動休閒,6890,來億-KY
2023-09-19,上市,其他業,6901,鑽石投資
2025-05-16,上市,數位雲端,6902,GOGOLOOK
2024-01-15,上市,數位雲端,6906,現觀科
2025-05-21,上市,半導體業,6909,創控
2024-05-03,上市,其他業,6914,阜爾運通
2023-12-05,上市,光電業,6916,華凌
2025-06-10,上市,生技醫療業,6918,愛派司
2024-10-02,上市,生技醫療業,6919,康霈*
2024-09-25,上市,綠能環保,6923,中台
2024-05-16,上市,電腦及週邊設備業,6928,攸泰科技
2025-01-15,上市,生技醫療業,6931,青松健康
2023-11-08,上市,電腦及週邊設備業,6933,AMAX-KY
2026-02-02,上市,生技醫療業,6934,心誠鎂
2025-04-28,上市,生技醫療業,6936,永鴻生技
2023-12-12,上市,半導體業,6937,天虹
2025-05-28,上市,綠能環保,6944,兆聯實業
2024-06-13,上市,其他業,6952,大武山
2024-06-25,上市,其他業,6957,裕慶-KY
2024-08-20,上市,其他業,6958,日盛台駿
2024-11-26,上市,半導體業,6962,奕力-KY
2025-03-07,上市,運動休閒,6965,中傑-KY
2025-01-15,上市,綠能環保,6994,富威電力
2024-11-26,上市,觀光餐旅,7705,三商餐飲
2025-11-19,上市,電腦及週邊設備業,7711,永擎
2025-07-29,上市,數位雲端,7721,微程式
2024-12-05,上市,數位雲端,7722,LINEPAY
2025-01-14,上市,汽車工業,7732,金興精密
2025-03-18,上市,汽車工業,7736,虎山
2025-06-13,上市,半導體業,7749,意騰-KY
2025-09-17,上市,電機機械,7750,新代
2025-09-08,上市,數位雲端,7765,中華資安
2025-11-27,上市,半導體業,7769,鴻勁
2026-01-19,上市,食品工業,7780,大研生醫*
2025-11-18,上市,綠能環保,7786,東方風能
2025-10-16,上市,電子零組件業,7788,松川精密
2025-10-28,上市,食品工業,7791,皇家可口
2026-01-16,上市,電子零組件業,7795,長廣
2025-09-15,上市,生技醫療業,7799,禾榮科
2011-09-19,上市,通信網路業,8011,台通
2003-12-25,上市,半導體業,8016,矽創
2008-01-21,上市,其他電子業,8021,尖點
2018-07-10,上市,半導體業,8028,昇陽半導體
2007-06-21,上市,其他業,8033,雷虎
2009-12-17,上市,電子零組件業,8039,台虹
2024-12-11,上市,通信網路業,8045,達運光電
2006-04-07,上市,電子零組件業,8046,南電
2007-12-31,上市,電子通路業,8070,長華*
2005-08-19,上市,電子通路業,8072,陞泰
2008-12-30,上市,半導體業,8081,致新
2004-07-01,上市,通信網路業,8101,華冠
2009-09-29,上市,電子零組件業,8103,瀚荃
2019-01-17,上市,光電業,8104,錸寶
2006-12-27,上市,光電業,8105,凌巨
2007-10-31,上市,半導體業,8110,華東
2007-12-31,上市,電子通路業,8112,至上
2012-11-26,上市,電腦及週邊設備業,8114,振樺電
2007-11-29,上市,半導體業,8131,福懋科
2014-04-11,上市,半導體業,8150,南茂
2007-11-28,上市,電腦及週邊設備業,8163,達方
2007-10-29,上市,其他電子業,8201,無敵
2011-12-01,上市,電腦及週邊設備業,8210,勤誠
2009-12-25,上市,電子零組件業,8213,志超
2010-11-12,上市,光電業,8215,明基材
2015-01-27,上市,電機機械,8222,寶一
2005-05-17,上市,電子零組件業,8249,菱光
2009-12-11,上市,半導體業,8261,富鼎
2010-12-29,上市,半導體業,8271,宇瞻
2015-03-23,上市,綠能環保,8341,日友
2018-09-12,上市,航運業,8367,建新國際
2008-12-25,上市,電機機械,8374,羅昇
2011-05-18,上市,其他業,8404,百和興業-KY
2011-11-01,上市,其他業,8411,福貞-KY
2011-10-05,上市,綠能環保,8422,可寧衛*
2012-12-20,上市,貿易百貨業,8429,金麗-KY
2022-03-11,上市,綠能環保,8438,昶昕
2016-11-08,上市,其他業,8442,威宏-KY
2014-09-15,上市,貿易百貨業,8443,阿瘦
2014-12-19,上市,數位雲端,8454,富邦媒
2019-03-15,上市,運動休閒,8462,柏文
2015-07-13,上市,其他業,8463,潤泰材
2015-12-22,上市,居家生活,8464,億豐
2016-11-01,上市,其他業,8466,美吉吉-KY
2015-12-15,上市,運動休閒,8467,波力-KY
2016-09-08,上市,綠能環保,8473,山林水
2023-10-31,上市,綠能環保,8476,台境*
2017-12-11,上市,運動休閒,8478,東哥遊艇
2017-02-24,上市,其他業,8481,政伸
2018-08-15,上市,居家生活,8482,商億-KY
2016-12-13,上市,其他業,8488,吉源-KY
2017-11-24,上市,其他電子業,8499,鼎炫-KY
2003-08-25,上市,油電燃氣業,8926,台汽電
2009-05-15,上市,觀光餐旅,8940,新天地
2014-02-14,上市,電機機械,8996,高力
2012-10-18,上市,運動休閒,9802,鈺齊-KY
1964-07-14,上市,其他業,9902,台火
1990-01-19,上市,運動休閒,9904,寶成
1990-08-08,上市,其他業,9905,大華
1990-12-15,上市,建材營造業,9906,欣巴巴
1991-01-29,上市,其他業,9907,統一實
1991-02-06,上市,油電燃氣業,9908,大台北
1992-02-18,上市,運動休閒,9910,豐泰
1992-07-16,上市,居家生活,9911,櫻花
1992-08-08,上市,電腦及週邊設備業,9912,偉聯
1992-09-30,上市,運動休閒,9914,美利達
1993-12-08,上市,其他業,9917,中保科
1994-04-26,上市,油電燃氣業,9918,欣天然
1994-11-04,上市,其他業,9919,康那香
1994-12-29,上市,運動休閒,9921,巨大
1995-03-15,上市,居家生活,9924,福興
1995-12-09,上市,其他業,9925,新保
1998-04-08,上市,油電燃氣業,9926,新海
1999-03-12,上市,其他業,9927,泰銘
1999-08-09,上市,其他業,9928,中視
1999-06-28,上市,其他業,9929,秋雨
1999-11-22,上市,綠能環保,9930,中聯資源
2000-03-21,上市,油電燃氣業,9931,欣高
1993-05-28,上市,其他業,9933,中鼎
2000-09-11,上市,居家生活,9934,成霖
2000-09-11,上市,居家生活,9935,慶豐富
2000-09-11,上市,油電燃氣業,9937,全國
2001-01-12,上市,其他業,9938,百和
2001-03-02,上市,其他業,9939,宏全
2001-09-17,上市,其他業,9940,信義
2001-09-17,上市,其他業,9941,裕融
2002-01-28,上市,其他業,9942,茂順
2002-08-26,上市,觀光餐旅,9943,好樂迪
2002-08-26,上市,其他業,9944,新麗
1992-04-30,上市,其他業,9945,潤泰新
2013-09-17,上市,建材營造業,9946,三發地產
2008-01-21,上市,綠能環保,9955,佳龍
2008-03-12,上市,鋼鐵工業,9958,世紀鋼
